Rank,Team,Group,Base_TPI,Group_Stage_Exit_Prob(%),Reach_Round_16_Prob(%),Reach_Quarter_Final_Prob(%),Reach_Semi_Final_Prob(%),Reach_Final_Prob(%),Win_Tournament_Prob(%)
1,Japan,F,9.0,0.18,99.82,84.75,73.34,59.07,42.84
2,Saudi Arabia,A,7.42,0.4,99.6,89.39,57.63,29.9,13.66
3,Iran,C,7.48,0.22,99.78,86.6,50.34,27.98,13.15
4,South Korea,E,7.56,0.17,99.83,66.59,39.92,23.39,11.26
5,Australia,D,6.8,0.27,99.73,68.64,49.34,19.21,8.07
6,Qatar,F,6.61,4.18,95.82,63.91,32.56,14.76,5.01
7,Iraq,D,5.71,1.29,98.71,41.45,20.25,6.02,1.66
8,Uzbekistan,B,5.56,2.97,97.03,52.31,14.29,5.21,1.38
9,United Arab Emirates,E,5.67,2.25,97.75,26.78,12.08,4.9,1.34
10,Jordan,B,5.14,5.09,94.91,40.99,10.81,3.04,0.64
11,Oman,A,4.64,14.71,85.29,48.79,14.64,2.68,0.44
12,Bahrain,B,4.7,8.66,91.34,31.6,8.18,1.9,0.33
13,Indonesia,F,4.26,59.0,41.0,11.03,2.54,0.43,0.06
14,Syria,C,3.62,23.85,76.15,25.01,4.59,0.55,0.06
15,Palestine,A,3.55,44.72,55.28,17.13,3.05,0.31,0.04
16,China PR,C,3.2,37.47,62.53,15.14,2.32,0.27,0.02
17,Thailand,F,3.52,83.6,16.4,3.4,0.59,0.07,0.01
18,Vietnam,E,3.16,51.98,48.02,5.53,0.88,0.11,0.01
19,North Korea,B,1.77,92.54,7.46,0.54,0.03,0.0,0.0
20,Kuwait,A,3.03,67.84,32.16,8.28,1.21,0.11,0.0
21,Singapore,D,1.5,92.27,7.73,0.39,0.03,0.0,0.0
22,Tajikistan,D,2.9,47.42,52.58,5.93,0.75,0.07,0.0
23,Kyrgyzstan,C,2.47,68.56,31.44,5.34,0.6,0.03,0.0
24,Yemen,E,1.96,90.35,9.64,0.48,0.05,0.0,0.0
